Category,Set,Product Name,Card Number,Rarity,Variance,Grade,Market Price 
Pokemon,Ancient Origins,Meowth,61,Common,Reverse Holofoil,Ungraded,0.75
Pokemon,Ascended Heroes,Frosmoth,053/217,Uncommon,Normal,Ungraded,0.08
Pokemon,Ascended Heroes,Larry's Komala,175/217,Common,Normal,Ungraded,0.08
Pokemon,Ascended Heroes,Thick Scale,211/217,Uncommon,Reverse Holofoil,Ungraded,0.59
Pokemon,Astral Radiance,Radiant Hawlucha,081/189,Radiant Rare,Holofoil,Ungraded,0.69
Pokemon,Battle Partners,Hop's Snorlax (JP),075/100,Rare,Holofoil,Ungraded,1.68
Pokemon,Brave Stars (Charm),Honchkrow V,140/127,SR,Holofoil,Ungraded,5.85
Pokemon,Brilliant Stars,Manaphy,041/172,Rare,Reverse Holofoil,Ungraded,0.59
Pokemon,Chilling Reign,Tauros,115/198,Holo Rare,Reverse Holofoil,Ungraded,0.27
Pokemon,Cosmic Eclipse,Mimikyu (96),96/236,Uncommon,Reverse Holofoil,Ungraded,11.32
Pokemon,Cosmic Eclipse,Mimikyu (96),96/236,Uncommon,Normal,Ungraded,1.61
Pokemon,Crown Zenith,Galarian Meowth,084/159,Common,Normal,Ungraded,0.13
Pokemon,Crown Zenith,Tauros,106/159,Rare,Normal,Ungraded,0.1
Pokemon,Crown Zenith: Galarian Gallery,Manaphy,GG06/GG70,Holo Rare,Holofoil,Ungraded,4.82
Pokemon,Darkness Ablaze,Dedenne,078/189,Uncommon,Normal,Ungraded,0.21
Pokemon,Darkness Ablaze,Tauros,134/189,Common,Reverse Holofoil,Ungraded,0.23
Pokemon,Dark Phantasma,Snorlax (JP),058/071,Rare,Holofoil,Ungraded,1.59
Pokemon,Destined Rivals,Team Rocket's Meowth,149/182,Common,Reverse Holofoil,Ungraded,0.17
Pokemon,Destined Rivals,Team Rocket's Mimikyu,087/182,Uncommon,Normal,Ungraded,0.25
Pokemon,EX Team Rocket Returns,Rocket's Meowth,46,Uncommon,Normal,Ungraded,11.32
Pokemon,EX Unseen Forces (Japanese),Miltank (JP),088/106,Uncommon,Normal,Ungraded,3.05
Pokemon,Fusion Strike,Impidimp,176/264,Common,Normal,Ungraded,0.11
Pokemon,Fusion Strike,Meowth,199/264,Common,Normal,Ungraded,0.21
Pokemon,Glory of Team Rocket,Team Rocket's Murkrow (JP),071/098,Uncommon,Normal,Ungraded,1.88
Pokemon,Glory of Team Rocket,Team Rocket's Spidops (JP),009/098,Rare,Holofoil,Ungraded,2.15
Pokemon,Inferno X,Empoleon ex,058/080,Double Rare,Holofoil,Ungraded,0.32
Pokemon,Journey Together,Hop's Snorlax,117/159,Holo Rare,Holofoil,Ungraded,0.3
Pokemon,Journey Together,Lycanroc,166/159,Illustration Rare,Holofoil,Ungraded,2.88
Pokemon,Journey Together,Noibat,169/159,Illustration Rare,Holofoil,Ungraded,5.42
Pokemon,Journey Together,Noivern,128/159,Holo Rare,Reverse Holofoil,Ungraded,0.48
Pokemon,Journey Together,Oinkologne,140/159,Uncommon,Reverse Holofoil,Ungraded,0.35
Pokemon,Journey Together,Paldean Clodsire ex,094/159,Double Rare,Holofoil,Ungraded,0.75
Pokemon,Journey Together,Regice,042/159,Uncommon,Reverse Holofoil,Ungraded,0.42
Pokemon,Journey Together,Weezing,092/159,Uncommon,Normal,Ungraded,0.1
Pokemon,Lost Origin Trainer Gallery,Snorlax,TG10/TG30,Ultra Rare,Holofoil,Ungraded,18.53
Pokemon,MEGA Dream ex,Dragonair (Energy Symbol Pattern),125/193,,Holofoil,Ungraded,2.62
Pokemon,MEGA Dream ex,Dratini (Energy Symbol Pattern),124/193,,Holofoil,Ungraded,0.46
Pokemon,MEGA Dream ex,Dwebble (Friend Ball Pattern),013/193,,Holofoil,Ungraded,0.48
Pokemon,MEGA Dream ex,N's PP Up,146/193,,Normal,Ungraded,0.15
Pokemon,MEGA Dream ex,Silcoon,005/193,,Normal,Ungraded,0.13
Pokemon,MEGA Dream ex,Team Rocket's Mimikyu,079/193,,Normal,Ungraded,0.6
Pokemon,MEGA Dream ex,Team Rocket's Mimikyu (Energy Symbol Pattern),079/193,,Holofoil,Ungraded,1.49
Pokemon,MEGA Dream ex,Team Rocket's Spidops (Energy Symbol Pattern),016/193,,Holofoil,Ungraded,0.84
Pokemon,Mega Evolution,Buddy-Buddy Poffin,167/132,Ultra Rare,Holofoil,Ungraded,5.01
Pokemon,Mega Evolution,Grafaiai,092/132,Common,Normal,Ungraded,0.05
Pokemon,Mega Evolution,Litleo,139/132,Illustration Rare,Holofoil,Ungraded,3.47
Pokemon,Mega Symphonia,Litleo (JP),066/063,Art Rare,Holofoil,Ungraded,3.18
Pokemon,Miscellaneous Cards & Products,Meowth - 56/64 (Gold Bordered Promo),56/64,Promo,Normal,Ungraded,50.34
Pokemon,Night Wanderer,Binding Mochi (JP),057/064,Uncommon,Normal,Ungraded,1.29
Pokemon,Night Wanderer,Stufful (JP),052/064,Common,Normal,Ungraded,1.57
Pokemon,Paldea Evolved,Bramblin,198/193,Illustration Rare,Holofoil,Ungraded,8.38
Pokemon,Paldean Fates,Paldean Tauros,111/091,Shiny Rare,Holofoil,Ungraded,2.87
Pokemon,Paldean Fates,Paldean Tauros,120/091,Shiny Rare,Holofoil,Ungraded,2.81
Pokemon,Paldean Fates,Paldean Tauros,172/091,Shiny Rare,Holofoil,Ungraded,2.67
Pokemon,Phantasmal Flames,Mega Lopunny ex,084/094,Double Rare,Holofoil,Ungraded,0.58
Pokemon,Phantasmal Flames,Mimikyu,042/094,Common,Reverse Holofoil,Ungraded,0.27
Pokemon,Phantasmal Flames,Paldean Tauros,048/094,Uncommon,Normal,Ungraded,0.15
Pokemon,Phantasmal Flames,Paldean Tauros,048/094,Uncommon,Reverse Holofoil,Ungraded,0.23
Pokemon,Pokemon 151,Tauros (JP),128/165,Uncommon,Master Ball Reverse Holo,Ungraded,11.06
Pokemon,Prismatic Evolutions,Friends in Paldea,137/131,Ultra Rare,Holofoil,Ungraded,0.99
Pokemon,Prismatic Evolutions,Great Tusk,055/131,Uncommon,Normal,Ungraded,0.05
Pokemon,Scarlet & Violet Promo,Melmetal ex,104,Promo,Holofoil,Ungraded,1.71
Pokemon,Scarlet & Violet Promo,Mimikyu,75,Promo,Holofoil,Ungraded,12.1
Pokemon,Scarlet & Violet Promo,Scraggy,186,Promo,Holofoil,Ungraded,0.73
Pokemon,Scarlet & Violet Promo,Yanma,185,Promo,Holofoil,Ungraded,0.42
Pokemon,Shrouded Fable,Meowth,048/064,Common,Normal,Ungraded,0.11
Pokemon,Shrouded Fable,Munkidori ex,037/064,Double Rare,Holofoil,Ungraded,0.63
Pokemon,Silver Tempest,Skuntank V,108/195,Ultra Rare,Holofoil,Ungraded,0.72
Pokemon,Start Deck 100 Battle Collection,Stufful,616/742,,Normal,Ungraded,1
Pokemon,Stellar Crown,Lileep,145/142,Illustration Rare,Holofoil,Ungraded,5.74
Pokemon,Stellar Crown,Tauros,112/142,Common,Normal,Ungraded,0.09
Pokemon,Stellar Miracle,Archaludon (JP),113/102,Art Rare,Holofoil,Ungraded,2.94
Pokemon,Sun & Moon Base Set,Tauros GX (Full Art),144,Ultra Rare,Holofoil,Ungraded,3.68
Pokemon,Sun & Moon Promo,Raikou GX,SM121,Promo,Holofoil,Ungraded,7.68
Pokemon,Super Electric Breaker,Deduction Set (JP),094/106,Uncommon,Normal,Ungraded,1
Pokemon,Surging Sparks,Dedenne,087/191,Common,Normal,Ungraded,0.09
Pokemon,Surging Sparks,Durant ex,215/191,Ultra Rare,Holofoil,Ungraded,1.08
Pokemon,Surging Sparks,Durant ex,236/191,Special Illustration Rare,Holofoil,Ungraded,26.42
Pokemon,Surging Sparks,Flygon ex,106/191,Double Rare,Holofoil,Ungraded,0.7
Pokemon,Surging Sparks,Paldean Tauros,101/191,Uncommon,Normal,Ungraded,0.08
Pokemon,Surging Sparks,Paldean Tauros,039/191,Uncommon,Normal,Ungraded,0.11
Pokemon,Surging Sparks,Paldean Tauros,018/191,Uncommon,Normal,Ungraded,0.09
Pokemon,SV: 151,Meowth,052/165,Common,Normal,Ungraded,0.15
Pokemon,SV: 151,Tauros,128/165,Uncommon,Normal,Ungraded,0.13
Pokemon,SV: 151,Venusaur ex,003/165,Double Rare,Holofoil,Ungraded,1.44
Pokemon,Sword & Shield Base Set,Galarian Meowth,127/202,Common,Normal,Ungraded,0.18
Pokemon,Team Rocket,Meowth,62,Common,1st Edition,Ungraded,2.31
Pokemon,Temporal Forces,Pikachu,051/162,Common,Normal,Ungraded,0.24
Pokemon,Triplet Beat,Paldean Tauros (JP),084/073,Secret Rare,Holofoil,Ungraded,5.13
Pokemon,Twilight Masquerade,Cramorant,176/167,Illustration Rare,Holofoil,Ungraded,4.11
Pokemon,Twilight Masquerade,Love Ball,156/167,Uncommon,Normal,Ungraded,0.18
Pokemon,Undaunted,Honchkrow (16),16,Rare,Reverse Holofoil,Ungraded,2.87
Pokemon,Vivid Voltage,Dedenne,077/185,Common,Reverse Holofoil,Ungraded,0.44
Pokemon,Vivid Voltage,Jolteon,047/185,Rare,Reverse Holofoil,Ungraded,0.65
Pokemon,VMAX Climax,Mimikyu VMAX (JP),077/184,Ultra Rare,Holofoil,Ungraded,5.97
